ITSIN,Image1Name,Image2Name,Image3Name,Image4Name,Image5Name,Image6Name,Image7Name,Image8Name,Title,Brand,Price,ShortDescription,CategoryId
IT-CSV-1,IT-CSV-1-img-1,IT-CSV-1-img-2,IT-CSV-1-img-3,IT-CSV-1-img-4,IT-CSV-1-img-5,IT-CSV-1-img-6,IT-CSV-1-img-7,IT-CSV-1-img-8,Nokia C1 - 5.45-inch 16GB/1GB Dual SIM 3G Mobile Phone - Charcoal,Nokia,1055,fasdfasdf,1
IT-CSV-2,IT-CSV-2-img-1,IT-CSV-2-img-2,IT-CSV-2-img-3,IT-CSV-2-img-4,IT-CSV-2-img-5,IT-CSV-2-img-6,IT-CSV-2-img-7,IT-CSV-2-img-8,XIAOMI Redmi 9T - 6.53-inch 128GB/6GB Dual SIM Mobile Phone - Twilight Blue,,3450,asdfdf,1
IT-CSV-3,IT-CSV-3-img-1,IT-CSV-3-img-2,IT-CSV-3-img-3,IT-CSV-3-img-4,IT-CSV-3-img-5,IT-CSV-3-img-6,IT-CSV-3-img-7,IT-CSV-3-img-8,Samsung Galaxy A12 - 6.5-inch 64GB/4GB Dual SIM Mobile Phone - Blue,,2777,trytytyy,1
,,,,,,,,,,,,,
,,,,,,,,,,,,,
,,,,,,,,,,,,,
,,,,,,,,,,,,,
,,,,,,,,,,,,,
,,,,,,,,,,,,,
,,,,,,,,,,,,,
,,,,,,,,,,,,,
,,,,,,,,,,,,,
,,,,,,,,,,,,,
,,,,,,,,,,,,,
,,,,,,,,,,,,,
,,,,,,,,,,,,,
,,,,,,,,,,,,,
,,,,,,,,,,,,,
,,,,,,,,,,,,,
,,,,,,,,,,,,,
,,,,,,,,,,,,,
,,,,,,,,,,,,,
,,,,,,,,,,,,,
,,,,,,,,,,,,,
,,,,,,,,,,,,,
,,,,,,,,,,,,,
,,,,,,,,,,,,,
,,,,,,,,,,,,,
,,,,,,,,,,,,,
,,,,,,,,,,,,,
